filename,chroma_stft,rms,spectral_centroid,spectral_bandwidth,rolloff,zero_crossing_rate,mfcc1,mfcc2,mfcc3,mfcc4,mfcc5,mfcc6,mfcc7,mfcc8,mfcc9,mfcc10,mfcc11,mfcc12,mfcc13,mfcc14,mfcc15,mfcc16,mfcc17,mfcc18,mfcc19,mfcc20,label
13 Reasons Why.mp3,0.28779545426368713,0.02167387679219246,1664.2409290151265,1693.9634052617484,3013.9569162578055,0.09080114713425513,-341.8991394042969,119.68544006347656,-34.954017639160156,11.715201377868652,7.986945629119873,-0.5259943008422852,-5.453473091125488,-11.163625717163086,-13.741707801818848,-5.883182048797607,-1.2139737606048584,5.8262248039245605,-2.2815935611724854,-5.1881818771362305,-13.35075569152832,-7.033622741699219,-9.396831512451172,-0.19780252873897552,-2.0729005336761475,0.04006334766745567,Drama
2 Broke Girls.mp3,0.4139442443847656,0.06719686836004257,2545.1315509577007,2215.1344332992608,4960.6304832511605,0.1580105314675174,-158.50648498535156,84.6865234375,-25.39967918395996,40.83039474487305,-5.438840389251709,9.913640022277832,-4.433264255523682,8.166115760803223,-3.437422752380371,4.998025417327881,0.07332223653793335,5.413409233093262,0.5898255109786987,7.0613908767700195,-3.843799114227295,5.96822452545166,-5.008074760437012,-5.8709635734558105,-3.2674179077148438,0.31093254685401917,Comedia
24.mp3,0.3411594033241272,0.1110568419098854,2631.1662312574185,2570.7671081582766,5726.216190573164,0.13131525844194314,-94.54625701904297,77.89337158203125,0.6595338582992554,24.779293060302734,-2.722066879272461,10.468857765197754,-8.835103988647461,4.691403388977051,-5.835878849029541,8.875231742858887,-6.12541389465332,4.786925792694092,-6.667707443237305,3.762796640396118,-4.380330562591553,4.31358528137207,-3.9598474502563477,3.7808210849761963,-3.5521292686462402,4.660139083862305,Acao
911.mp3,0.5782275795936584,0.0780242308974266,1272.99764078607,1605.714024689661,2551.4466343663676,0.0597564528660221,-205.36795043945312,158.14712524414062,-18.372678756713867,11.182042121887207,9.63056468963623,1.30649995803833,3.262968063354492,13.440481185913086,12.688655853271484,11.88683032989502,-1.9707030057907104,2.3281502723693848,2.469501256942749,11.824833869934082,-1.1496332883834839,1.142854928970337,-2.509917974472046,2.0446319580078125,-6.174469947814941,4.305694580078125,Drama
A Maldicao da Mansao Bly.mp3,0.34637683629989624,0.07029756158590317,1211.087738652281,1507.8475511958618,2302.3444113716623,0.060020423156927245,-234.19915771484375,150.0236358642578,-17.067760467529297,28.260141372680664,11.455418586730957,0.06870069354772568,2.8923373222351074,2.3535258769989014,0.6414276957511902,8.416476249694824,-10.540099143981934,5.218315601348877,-3.649327516555786,0.7206761240959167,-1.759528636932373,5.93001651763916,-0.7329745888710022,6.087806224822998,3.585165023803711,4.832595348358154,Terror
American Gods.mp3,0.431657612323761,0.13925501704216003,1725.7328078442365,2105.691362030579,3842.2101000145126,0.056927471338041796,-172.89927673339844,98.93827056884766,8.661600112915039,29.176666259765625,3.9986579418182373,18.44683265686035,7.482088565826416,12.436822891235352,6.118398666381836,8.775277137756348,-2.138228416442871,3.090165615081787,4.498223781585693,11.55197811126709,3.1835033893585205,4.1058244705200195,-0.2958071827888489,0.37144938111305237,-5.172605037689209,4.680991172790527,Fantasia
American Horror Story.mp3,0.48291662335395813,0.05832594633102417,1668.5461530907703,1980.3360011390844,3418.2709968496033,0.06917796415441177,-292.0899658203125,94.83143615722656,14.874292373657227,31.049856185913086,21.978788375854492,15.645567893981934,9.384693145751953,6.531540870666504,3.2156457901000977,1.4677764177322388,-1.2784258127212524,2.696816921234131,0.5725152492523193,0.7736809253692627,-3.532597303390503,-0.8702399134635925,-1.3464776277542114,2.5030922889709473,0.09668110311031342,-0.4502831697463989,Terror
Arcane.mp3,0.4354965388774872,0.08004193007946014,1164.469417663336,1726.7609135392345,2465.101760533572,0.03254515467782508,-252.2889862060547,148.60765075683594,13.0565767288208,16.99631690979004,18.73033905029297,9.182183265686035,1.4396605491638184,9.434297561645508,4.913388729095459,6.231213092803955,2.4034602642059326,5.303632736206055,2.3909900188446045,7.877408981323242,2.560612440109253,5.76698637008667,0.8918026089668274,2.7977495193481445,0.38388174772262573,0.5201470851898193,Fantasia
Ares.mp3,0.47751250863075256,0.045871444046497345,714.6815377397794,1045.4175091291975,1313.1633753794365,0.02907371283468244,-327.46295166015625,197.14967346191406,-11.171882629394531,20.888973236083984,11.218953132629395,8.791933059692383,-0.3346641957759857,8.21289348602295,8.966800689697266,3.5382838249206543,-3.0790915489196777,-2.2685163021087646,-2.8186540603637695,1.2750006914138794,2.5780959129333496,0.9234011173248291,-1.9662548303604126,0.6088772416114807,-1.2102546691894531,-2.06524395942688,Terror
Arquivo X.mp3,0.21738669276237488,0.05316987633705139,1239.8163817204288,1475.287962877438,1952.2381950827205,0.08570696473490712,-259.2036437988281,160.24066162109375,-19.398500442504883,9.360565185546875,1.4055559635162354,8.772677421569824,-10.38352108001709,-7.624924182891846,-7.198057651519775,2.2356646060943604,-2.1727967262268066,0.6415939331054688,-8.016745567321777,-5.8777666091918945,-4.143526554107666,3.818497657775879,0.26037153601646423,-3.4164514541625977,-8.204028129577637,-0.6665177345275879,Ficcao cientifica
Arrested Development.mp3,0.29201871156692505,0.07290004193782806,1503.3208026082652,1797.625523702484,2925.0408293856967,0.06687065441625917,-244.2251739501953,107.21290588378906,0.11863891035318375,15.285118103027344,-13.69492244720459,-5.970800876617432,-7.303374290466309,-1.796363115310669,-0.6105729937553406,11.911439895629883,3.3872199058532715,5.062343597412109,-1.7318178415298462,0.5610247254371643,-4.945592403411865,-1.982622742652893,-4.7333245277404785,-2.856919765472412,-3.348005533218384,1.7608263492584229,Comedia
Arrow.mp3,0.36625587940216064,0.10377959161996841,1486.3299736093782,1875.846355379369,3084.347406064989,0.062125248082615714,-174.48968505859375,125.05062103271484,-4.197541236877441,28.115467071533203,5.079310417175293,7.3051838874816895,-2.3172268867492676,7.249704837799072,1.6213183403015137,7.4136152267456055,-1.0705008506774902,2.1260979175567627,-0.7280093431472778,5.25034236907959,1.5189393758773804,6.074015140533447,-0.7829957604408264,5.402773857116699,-3.376349925994873,-1.7495815753936768,Acao
As Visoes da Raven.mp3,0.38018709421157837,0.08966906368732452,2769.8080531813443,2708.41360857024,5886.272739847378,0.12860390866873064,-163.7405242919922,66.61983489990234,-0.09131693094968796,16.256418228149414,6.727241039276123,1.5144044160842896,5.672954082489014,3.677011728286743,-3.744601011276245,9.118377685546875,-6.34210205078125,4.67191219329834,-4.650402069091797,0.16276025772094727,-4.652586936950684,3.7324154376983643,-2.388532876968384,4.783496379852295,-3.015044927597046,3.403472900390625,Fantasia
Babylon 5.mp3,0.34745997190475464,0.021345697343349457,1622.4095792321505,1812.0287335279684,3171.5558220358457,0.08169867453560371,-313.37762451171875,136.27737426757812,-15.174569129943848,28.014814376831055,-7.717419624328613,4.0184645652771,-6.9612836837768555,5.523163795471191,-18.053611755371094,0.26144370436668396,-13.264483451843262,5.894932746887207,-1.8812230825424194,-0.3392603397369385,-1.7100887298583984,1.6679619550704956,-0.44400691986083984,0.6963495016098022,-0.7986801862716675,3.800598382949829,Ficcao cientifica
Bates Motel.mp3,0.3818104565143585,0.12534187734127045,860.8741726912355,1119.8934917191548,1758.097702357053,0.03467892862325851,-198.4942169189453,178.20643615722656,-20.809410095214844,23.82295799255371,14.945780754089355,2.3298263549804688,7.047859191894531,12.048294067382812,9.469711303710938,1.5743775367736816,-4.832826614379883,-4.433501720428467,0.7543764114379883,0.15609118342399597,0.5409424901008606,-0.45355024933815,-5.03264856338501,-0.31671974062919617,2.2912821769714355,1.4263213872909546,Terror
BATMAN.mp3,0.33351027965545654,0.057736705988645554,1003.1499931785561,827.2243721681048,1759.431027627951,0.06859142197174922,-257.0430603027344,222.3258514404297,-68.82331085205078,11.564926147460938,1.1194533109664917,-25.547195434570312,2.8974053859710693,-16.40831184387207,-6.678297519683838,-4.072621822357178,-12.69657039642334,-1.5701591968536377,-5.589001178741455,-2.975165367126465,-0.6792086958885193,-4.71234130859375,-2.186063766479492,-3.5829498767852783,0.27132469415664673,1.8576934337615967,Acao
Better Call Saul.mp3,0.33498653769493103,0.02151515893638134,1733.5504253842132,1620.585222898012,3215.287829356588,0.10747474621815287,-394.6170959472656,137.3765869140625,-20.625713348388672,38.777408599853516,-11.727409362792969,-1.2511799335479736,0.04818025976419449,5.99433708190918,3.8771843910217285,-3.5698626041412354,-2.9071919918060303,4.185211658477783,-0.6799979209899902,-1.5785846710205078,-3.161766290664673,-3.2600791454315186,-4.2834086418151855,-3.164116621017456,-7.722684383392334,-4.88520622253418,Drama
Black Mirror.mp3,0.5600680112838745,0.021023213863372803,995.4622701340414,1508.1868891457539,2062.9131738680935,0.0369395090808322,-419.1674499511719,139.86312866210938,21.21086883544922,23.094562530517578,15.524431228637695,19.9638614654541,4.540210723876953,4.607083797454834,1.8509550094604492,2.5607540607452393,7.224664211273193,11.264439582824707,5.878047466278076,10.69219970703125,4.233063220977783,4.44257116317749,-0.019949836656451225,-0.7873931527137756,-1.952953577041626,4.735151290893555,Ficcao cientifica
Blindspot.mp3,0.47413161396980286,0.03315019607543945,1411.0764780289685,1864.3607987352775,2987.5858314848642,0.05339493084551148,-284.9294738769531,126.4814224243164,-13.930234909057617,28.880592346191406,10.742918968200684,11.631311416625977,6.939389228820801,10.799132347106934,3.294713020324707,7.626121520996094,-1.681878924369812,6.866201877593994,6.1956000328063965,10.244538307189941,5.812630653381348,13.110574722290039,1.3144406080245972,4.300818920135498,-2.7534658908843994,1.0739030838012695,Policial
Bob Esponja.mp3,0.3692360520362854,0.06275567412376404,2487.2865141880484,2229.0456495344633,4573.28901261368,0.1485308478860294,-161.09014892578125,81.32035827636719,-39.95698165893555,15.725749015808105,0.6890698075294495,-6.366552352905273,-4.525334358215332,-0.41620784997940063,-14.914224624633789,-5.111892223358154,-3.585393190383911,-4.383175849914551,-4.132022857666016,6.654292106628418,-14.279590606689453,8.194278717041016,-13.310141563415527,4.732903480529785,-3.6529083251953125,0.6515421867370605,Comedia
Bones.mp3,0.44007134437561035,0.09981787204742432,1502.255673658143,1668.7477206181195,3230.7637973466526,0.07556605855746903,-171.6244659423828,145.1553497314453,-28.082801818847656,39.1342887878418,-20.28673553466797,18.097103118896484,-12.477736473083496,12.976882934570312,-2.308095693588257,9.685248374938965,-1.7495479583740234,1.3027020692825317,3.412940740585327,-0.03352426737546921,4.2410054206848145,-4.609927177429199,4.3444504737854,-8.074285507202148,3.479692220687866,-5.987571716308594,Policial
Breaking Bad.mp3,0.43340247869491577,0.10392309725284576,1708.0349200289327,2178.4081288151874,3886.162754274764,0.05276201356132076,-219.98431396484375,101.25645446777344,7.832516670227051,35.55381774902344,15.75479507446289,11.108747482299805,-0.25145673751831055,16.319150924682617,3.609096050262451,7.188819885253906,2.0014562606811523,13.47668743133545,4.669026851654053,7.239528179168701,1.7809858322143555,8.19727897644043,0.4961439371109009,3.7702808380126953,2.7880020141601562,1.3471808433532715,Drama
Brooklyn Nine-Nine.mp3,0.4520657956600189,0.02990824729204178,2733.855497785873,2710.238949037146,5988.428753987819,0.10699646987383991,-243.14952087402344,62.95573425292969,6.477351665496826,41.38267517089844,9.682268142700195,20.497539520263672,-0.42771297693252563,13.004733085632324,-1.7351821660995483,11.536971092224121,1.0180314779281616,7.160312652587891,-2.929793119430542,4.208334445953369,-3.2381837368011475,1.9978443384170532,-1.474600076675415,4.98176383972168,-2.401920795440674,0.708868682384491,Comedia
Buffy a Caca Vampiros.mp3,0.4597066640853882,0.13417993485927582,1925.1851657827826,2079.397578462068,3988.3842161196303,0.09202060758513932,-98.55413055419922,111.6185531616211,-10.092635154724121,37.5306282043457,1.6697726249694824,7.485313892364502,2.053436279296875,13.442548751831055,0.7429735660552979,3.9347846508026123,2.0045418739318848,5.567553520202637,-2.799673557281494,-0.049325428903102875,-4.03437614440918,0.7467333674430847,-1.365448236465454,7.362954139709473,0.6829851865768433,1.2140952348709106,Fantasia
Castle.mp3,0.49516648054122925,0.04441312700510025,1543.0331627185817,1965.274889422668,3449.552628800676,0.05623152449324324,-259.1473388671875,115.41580200195312,-3.6165153980255127,29.520849227905273,5.605993270874023,12.765827178955078,5.405627727508545,8.677082061767578,1.6073509454727173,7.2736968994140625,2.828613519668579,4.582499027252197,-0.3790341019630432,1.9065916538238525,-0.09521064907312393,4.103256702423096,0.1387377381324768,5.255180358886719,-2.577345848083496,-2.3939075469970703,Policial
Chuck.mp3,0.5273305773735046,0.056905243545770645,2381.3211617622587,2385.228157457729,4981.594876977312,0.11108625193498452,-157.01422119140625,86.49497985839844,-20.84592628479004,32.74223709106445,9.936443328857422,19.784183502197266,6.7194013595581055,10.066076278686523,2.471653699874878,8.627297401428223,0.08751682937145233,5.102447032928467,-3.5582501888275146,0.17871356010437012,-2.1208600997924805,2.713366746902466,-3.1166610717773438,1.7672300338745117,-3.2168078422546387,4.4686174392700195,Acao
Cidade Invisivel.mp3,0.36891207098960876,0.25191476941108704,921.84891544831,1436.3989069474628,1546.3823159043634,0.03838941261126161,-133.11692810058594,168.32705688476562,14.549332618713379,6.893333435058594,2.882397174835205,7.409695148468018,9.183244705200195,3.8419978618621826,-5.8801374435424805,13.279159545898438,1.1869289875030518,1.7487075328826904,-6.046607971191406,-0.30373984575271606,-3.268340826034546,2.3277549743652344,-4.012568473815918,1.0119447708129883,-4.900420188903809,2.8128609657287598,Fantasia
Community.mp3,0.41912156343460083,0.2182309627532959,2663.366788205364,2543.536502357852,5597.648870002196,0.1200850072770211,-29.03186798095703,72.27598571777344,-0.4413977861404419,30.667646408081055,-3.2995290756225586,29.278263092041016,4.3624958992004395,4.404289245605469,-9.844987869262695,10.905945777893066,7.187657356262207,3.1165099143981934,-5.470396995544434,8.565221786499023,-2.4192442893981934,-3.1074466705322266,1.2580407857894897,6.406405448913574,-2.616701602935791,7.186577320098877,Comedia
Creepshow.mp3,0.46347591280937195,0.05681587755680084,973.3108106403303,1213.6417969567199,1929.8633303804663,0.05313913445723684,-269.6221923828125,180.83572387695312,-12.809908866882324,19.65169906616211,11.60777759552002,10.867313385009766,6.334064483642578,4.668614864349365,4.349997043609619,7.740711212158203,3.904865264892578,2.773418664932251,2.5284383296966553,5.663443565368652,1.1559497117996216,0.7576444745063782,-0.6696270108222961,1.0766069889068604,3.876286506652832,5.808114528656006,Terror
Criminal Minds.mp3,0.4391136169433594,0.07154295593500137,1496.2747687904057,1931.9870172530213,3128.572748615277,0.05652497944078947,-185.35443115234375,133.85218811035156,-11.537750244140625,30.142675399780273,8.385231018066406,15.627418518066406,0.19212360680103302,7.5365729331970215,-0.6386231780052185,7.948606491088867,-2.646371364593506,6.171431541442871,-1.2677098512649536,4.953433513641357,-2.6567888259887695,3.8145227432250977,0.13041840493679047,2.590294122695923,-2.8247547149658203,1.7474608421325684,Policial
CSI NY.mp3,0.49612724781036377,0.07422209531068802,2185.917577409103,2422.7335060483133,4802.2376281927245,0.08347870912345201,-153.03158569335938,94.43431854248047,-2.963801145553589,39.66919708251953,7.8669514656066895,13.981165885925293,1.616041660308838,13.125955581665039,-0.8718153834342957,9.420809745788574,1.166908860206604,6.021449565887451,-2.6168458461761475,2.7994325160980225,-4.299919605255127,3.2111332416534424,-3.067121744155884,3.4056320190429688,-2.9162509441375732,3.07177734375,Policial
CSI.mp3,0.37129443883895874,0.06460117548704147,2426.422567681215,2687.7079956955354,5636.6075828717585,0.10088714505127709,-180.29315185546875,90.48986053466797,21.79964828491211,16.437761306762695,-0.8805350065231323,17.868431091308594,-5.416286468505859,5.132025718688965,-5.059051036834717,2.7169065475463867,-2.153672456741333,1.475757122039795,-2.9415032863616943,-2.62807035446167,-2.4818296432495117,2.6417007446289062,2.6789255142211914,5.971668720245361,0.08915072679519653,-0.1597948521375656,Policial
Cursed.mp3,0.33261194825172424,0.09396901726722717,1588.0781761231797,1989.8169741699191,3323.7882348406056,0.06891077000290248,-159.5476531982422,119.96903991699219,-9.424506187438965,29.9705753326416,3.6540231704711914,9.066537857055664,-3.3640518188476562,5.499627590179443,-0.16685211658477783,6.495604038238525,-5.166001796722412,7.006271839141846,-0.5248095393180847,2.1366946697235107,-2.561223268508911,5.399538040161133,-1.4377586841583252,2.8935365676879883,-2.4512035846710205,2.971156120300293,Fantasia
DC Titans.mp3,0.5253629088401794,0.07201828807592392,1450.7369601987261,1932.55420965605,3139.225039274796,0.055529608242753624,-203.54443359375,124.70394897460938,-5.252400875091553,32.207763671875,7.571208477020264,20.11693000793457,7.424252510070801,11.203346252441406,1.5804357528686523,10.064763069152832,1.7528499364852905,8.654291152954102,4.00205135345459,8.574380874633789,0.6107902526855469,4.100608825683594,-1.1634308099746704,5.445773124694824,0.9586336612701416,2.3434743881225586,Acao
Death Note.mp3,0.3955102264881134,0.0507069006562233,2703.127898154541,2562.345327232771,5654.36580882353,0.12370597910216719,-185.6317138671875,70.35487365722656,-10.883308410644531,33.01262664794922,7.6430511474609375,10.535818099975586,-4.6073222160339355,9.763656616210938,-0.10385802388191223,7.662417888641357,-3.853785514831543,6.615108966827393,-2.516902208328247,-1.8543251752853394,-6.295841217041016,-1.0893539190292358,-8.4068021774292,-1.2345619201660156,-4.905381202697754,3.744283437728882,Drama
Demolidor.mp3,0.4030446708202362,0.13101805746555328,800.6405302649936,1078.0448619346598,1650.2983542049633,0.03655684621710526,-227.75181579589844,149.88330078125,-2.6809301376342773,10.757699012756348,22.29593849182129,21.648941040039062,12.000061988830566,5.547306537628174,4.726419925689697,5.055999755859375,6.01874303817749,8.657012939453125,10.681102752685547,5.735029697418213,0.032296810299158096,-0.5828993320465088,2.1130785942077637,5.020488262176514,4.881374835968018,-0.5326430201530457,Acao
Doctor Who.mp3,0.37224912643432617,0.06647740304470062,1809.3671116157345,2055.2509431851354,3580.6533482790733,0.08438082007062693,-156.50717163085938,114.67166900634766,-20.806299209594727,31.605173110961914,3.414836883544922,6.645577430725098,2.1264705657958984,12.44904613494873,-2.637538194656372,5.565197944641113,-2.109463691711426,3.8163979053497314,1.877393364906311,6.948025226593018,0.29931342601776123,2.6141319274902344,-4.228865623474121,2.3481996059417725,-3.91865873336792,2.8655924797058105,Ficcao cientifica
Downton Abbey.mp3,0.29884833097457886,0.08822789043188095,1453.8480053796852,1722.587163566783,2976.4153353570046,0.06318291348200464,-181.069580078125,132.3323516845703,-23.25813865661621,34.12970733642578,-0.3745349049568176,7.172490119934082,-5.293082237243652,1.395979881286621,-13.416553497314453,-1.0855904817581177,-14.910192489624023,-5.105599403381348,-11.818513870239258,-6.138212203979492,-13.428417205810547,-4.65678071975708,-10.234396934509277,-1.2846392393112183,-8.349128723144531,-1.6328758001327515,Drama
Elementary.mp3,0.4068089723587036,0.10456643998622894,1178.648870294842,1596.7914987933932,2412.543745011368,0.04811346567821207,-195.15663146972656,138.697998046875,-8.621406555175781,38.102195739746094,12.995256423950195,5.559325218200684,-3.1567742824554443,8.081592559814453,-1.0626764297485352,3.7152957916259766,-2.2936880588531494,0.5988489985466003,-1.9479076862335205,0.8294661641120911,-3.1490814685821533,1.2633589506149292,-1.8646197319030762,1.8052483797073364,-0.9677467942237854,1.334603190422058,Policial
ER.mp3,0.3232879042625427,0.03729221597313881,2253.8420877114936,2587.3853252378303,5217.043453251983,0.08597529266640867,-221.9814910888672,95.93107604980469,7.938586711883545,12.701864242553711,-1.7132872343063354,4.146554470062256,-6.495840549468994,3.7450621128082275,-9.548063278198242,0.7449067831039429,-8.610553741455078,0.40897229313850403,-5.988285064697266,5.607889175415039,-3.1363611221313477,5.277259349822998,-5.786509037017822,-2.2913925647735596,-11.403217315673828,-1.0030527114868164,Drama
Euphoria.mp3,0.2513035535812378,0.21937249600887299,1328.0752435458942,1755.8238444516298,2382.493926718508,0.055458092468072755,-153.03549194335938,129.77264404296875,-5.86727237701416,4.0846848487854,-1.4691309928894043,7.5855278968811035,-5.411764144897461,2.942089557647705,-14.061931610107422,-10.078017234802246,0.22831512987613678,0.4195002615451813,-9.045534133911133,-7.4516682624816895,-6.058599948883057,2.603630781173706,-6.09023380279541,-1.3027318716049194,1.70362389087677,-5.7973151206970215,Drama
Evil.mp3,0.41754934191703796,0.034490954130887985,1121.6078366976549,1440.7206282778222,2258.488369697968,0.05544778904311414,-343.12237548828125,120.1608657836914,0.9491169452667236,30.58789825439453,10.061192512512207,7.274679183959961,8.06530475616455,5.2801194190979,1.9036295413970947,3.163485050201416,-0.20652146637439728,6.481337547302246,5.494828701019287,6.952376365661621,6.40131139755249,4.232193470001221,-0.742958664894104,-0.05142194777727127,-0.6623679995536804,4.443126201629639,Terror
Expresso do Amanha.mp3,0.5458608269691467,0.02042544260621071,1598.1693274929044,2234.688582699013,3973.711316338901,0.03611296855757389,-364.33819580078125,97.2736587524414,18.857925415039062,27.075414657592773,11.55052661895752,15.73973560333252,5.792534351348877,12.340731620788574,2.9206442832946777,8.595467567443848,2.727261781692505,7.565258979797363,1.4566195011138916,5.253524303436279,0.4024991989135742,6.420562744140625,-0.12289629876613617,4.956085681915283,-0.30547967553138733,3.8966286182403564,Ficcao cientifica
Fantasy Island.mp3,0.2272258847951889,0.045156095176935196,1273.5273759980612,1166.0763745491724,2401.3021463211107,0.08371907048181114,-327.62652587890625,81.43402862548828,-37.21726608276367,19.13570785522461,-14.489112854003906,3.806724786758423,-12.315016746520996,-0.45475664734840393,-14.063088417053223,-1.3908077478408813,-5.802590847015381,-0.7881211042404175,-8.617094993591309,4.561161994934082,-3.962265968322754,1.0151147842407227,-4.21788215637207,1.5314702987670898,-4.385119438171387,1.736133337020874,Fantasia
Firefly.mp3,0.3900979161262512,0.04588235914707184,1596.731288618428,2062.7228452353015,3506.187131899429,0.060375296294504645,-264.55059814453125,115.67937469482422,4.619235038757324,37.66925048828125,9.376310348510742,16.89048957824707,1.2612138986587524,9.823976516723633,1.034616470336914,7.328020095825195,-3.386241912841797,8.746004104614258,0.8920450806617737,-0.07018176466226578,1.0136911869049072,4.722146987915039,-7.835883617401123,4.868537425994873,-4.272286415100098,-4.27833366394043,Ficcao cientifica
Flash.mp3,0.3458094596862793,0.08333288133144379,2373.2388960063968,2535.191071219474,5303.488401195297,0.10558586194390715,-119.6793441772461,89.13743591308594,-1.2517973184585571,17.024616241455078,-5.84334135055542,4.68974494934082,-2.439474582672119,6.519926071166992,-5.665740966796875,3.272460699081421,-2.3243398666381836,5.784678936004639,1.262007236480713,5.142756462097168,-4.190849304199219,0.8964818716049194,-2.50101900100708,3.9153223037719727,-2.1241097450256348,2.6414599418640137,Acao
Friends.mp3,0.4566620886325836,0.07156026363372803,2675.7210722337204,2569.9209243377845,5505.875040060227,0.15011360475522445,-149.43104553222656,72.4026107788086,-5.207995891571045,42.898006439208984,14.810362815856934,10.073123931884766,-0.18891136348247528,12.111261367797852,-2.4906866550445557,0.3619641363620758,-0.9125800728797913,4.715740203857422,-6.221925735473633,0.6304965615272522,-0.7117018699645996,1.1467859745025635,-5.090891361236572,1.7915071249008179,-5.465007305145264,0.6350088119506836,Comedia
Fringe.mp3,0.24362467229366302,0.0804550051689148,1272.43785981237,1671.4549278566471,2365.3846592290856,0.05282224662572957,-246.7147674560547,122.2486343383789,-7.8607401847839355,2.476048231124878,-0.2959029972553253,-5.210807800292969,-5.39568567276001,-4.1875810623168945,-5.214496612548828,-12.019164085388184,-8.978086471557617,-4.822541236877441,-11.15396499633789,-0.12917841970920563,-13.196096420288086,0.708740770816803,-12.286442756652832,3.778615713119507,-6.868972301483154,1.9598324298858643,Ficcao cientifica
Futurama.mp3,0.49404585361480713,0.06910071521997452,3015.058876243708,2539.6025152473303,5903.470005003874,0.1679558367768595,-140.7733917236328,54.191646575927734,-16.637964248657227,33.67910385131836,2.9286975860595703,15.586862564086914,6.16547966003418,10.450048446655273,-0.27667155861854553,11.608222961425781,0.5089744329452515,4.208790302276611,1.5725606679916382,0.8158696293830872,-0.37615710496902466,1.8181740045547485,-2.184694290161133,4.184201717376709,-4.1231794357299805,1.5535589456558228,Ficcao cientifica
Game of Thrones.mp3,0.4680130183696747,0.03422913700342178,1140.9160048439537,1621.297656024762,2238.128133012045,0.04737953209655573,-311.10150146484375,146.51478576660156,-6.424942970275879,34.157684326171875,9.525960922241211,6.7392964363098145,2.4809982776641846,13.828987121582031,4.06536865234375,5.869743824005127,2.272589921951294,9.917032241821289,3.7023329734802246,0.587375819683075,-1.5269572734832764,6.650198459625244,0.5243930816650391,2.938053607940674,1.0486247539520264,3.5221424102783203,Fantasia
Gilded Age.mp3,0.4014662802219391,0.09265211969614029,1293.7903213804404,1758.912600311283,2740.466762105747,0.050557895341524765,-174.1734619140625,139.50025939941406,-11.651263236999512,37.77803421020508,5.067243576049805,9.49901008605957,3.163722038269043,6.000136852264404,-0.9220951199531555,5.947577953338623,-4.971078872680664,5.253505229949951,0.9860069155693054,5.676323413848877,3.8461759090423584,4.8470282554626465,-0.38794025778770447,7.476164817810059,-1.9563010931015015,2.808468818664551,Drama
Good Omens.mp3,0.34592753648757935,0.038115862756967545,1485.2479531208753,1973.845401670246,3164.6808636077785,0.05797432819756192,-253.05389404296875,127.18489074707031,-1.4210411310195923,36.026973724365234,5.504673957824707,7.892141819000244,-2.727727174758911,6.948026180267334,-1.2328965663909912,6.388402938842773,-3.120722770690918,1.744271993637085,-4.614644527435303,-1.4192622900009155,-4.259716033935547,2.2100307941436768,-1.1275172233581543,2.670193672180176,-4.026438236236572,-0.29487523436546326,Fantasia
Gotham.mp3,0.46031689643859863,0.05247048661112785,996.1153498774551,1148.1973810472527,2138.067626953125,0.049175840435606064,-296.9757995605469,194.38319396972656,-44.761898040771484,44.846214294433594,-6.129672050476074,5.020621299743652,23.193151473999023,-8.604941368103027,17.279094696044922,-3.7919533252716064,-0.39542141556739807,8.093405723571777,-3.425389289855957,14.274694442749023,-0.23883698880672455,4.134979724884033,8.677990913391113,-5.58143949508667,6.334997177124023,1.5010318756103516,Acao
Greys Anatomy.mp3,0.29358410835266113,0.08388206362724304,2083.1822317387464,2422.8774657626154,4582.147771661932,0.10012845692254174,-165.08615112304688,110.78955841064453,14.95993709564209,16.574234008789062,-6.121151924133301,3.225499391555786,-5.423018932342529,-1.268850326538086,-3.4462597370147705,5.497061252593994,-3.096531629562378,1.6749368906021118,-4.055256366729736,4.01565408706665,-3.470665693283081,2.324734687805176,-2.2638423442840576,3.7010223865509033,-1.249032974243164,2.78511905670166,Drama
Grimm.mp3,0.5152227282524109,0.14834831655025482,1724.041827813786,2155.4554318790015,3395.12113683364,0.07509138266737617,-98.99427032470703,128.213134765625,-10.035944938659668,15.759390830993652,21.681041717529297,7.918865203857422,5.702775001525879,6.754546642303467,-1.7230974435806274,5.610372066497803,-1.9029408693313599,4.964280605316162,-1.3483967781066895,4.980534553527832,-1.0737261772155762,4.287520408630371,-5.289021015167236,1.2184942960739136,-3.1530511379241943,2.924607515335083,Terror
H2O Meninas Sereias.mp3,0.35804590582847595,0.062428299337625504,2680.1787988768474,2664.7188898168406,5635.8742539727655,0.12153743590363777,-155.14434814453125,74.25934600830078,8.540002822875977,39.76803207397461,0.1521095335483551,14.073614120483398,1.716137170791626,3.5093109607696533,5.964508056640625,2.6926183700561523,-10.36135482788086,1.1276962757110596,-8.088887214660645,0.4270510971546173,-5.042141437530518,1.4920848608016968,-3.5920403003692627,-1.176629900932312,-2.695941209793091,0.21323560178279877,Fantasia
Hannibal.mp3,0.29492220282554626,0.018698619678616524,1740.5221847623795,2098.7137700995095,3621.9696009559675,0.07118269300405562,-341.38592529296875,116.63936614990234,-2.6375646591186523,9.735612869262695,-0.555147647857666,4.180397033691406,0.960487961769104,7.512618541717529,-1.3703265190124512,1.188964605331421,-4.554146766662598,5.772915363311768,0.4538915157318115,4.47523832321167,-2.6291110515594482,1.2330549955368042,-1.9191045761108398,3.8112692832946777,-2.964289903640747,4.538143157958984,Terror
Hawaii Five-0.mp3,0.4114486873149872,0.04709906876087189,2227.5429819081537,2588.1522649285816,5067.45269114019,0.0948599706124226,-191.2621307373047,94.34062957763672,6.748408317565918,21.0477352142334,6.752180576324463,16.016773223876953,3.9907212257385254,6.5221662521362305,3.5333657264709473,5.785452842712402,-2.0522828102111816,4.310752868652344,-4.302499294281006,2.801995038986206,-2.9806385040283203,5.213088512420654,-3.300577163696289,4.534657955169678,-7.978222370147705,-0.12474041432142258,Policial
Hemlock Grove.mp3,0.2540929913520813,0.10207879543304443,1027.7756738115636,1329.037511022923,1863.6887305292182,0.05332658608262384,-243.97830200195312,157.77293395996094,-11.069437026977539,22.303071975708008,2.7672088146209717,10.562423706054688,-13.812447547912598,8.566266059875488,26.63526153564453,-28.1689395904541,-18.765087127685547,-9.867300033569336,-10.112767219543457,3.1436147689819336,2.6742348670959473,-4.343034744262695,-12.448993682861328,10.948953628540039,-3.4786815643310547,-12.710328102111816,Terror
House.mp3,0.49399423599243164,0.17268185317516327,1711.1301717490344,2169.19789530059,3732.2357650142703,0.062269086808243036,-95.86693572998047,115.68904876708984,-0.2519822120666504,21.207887649536133,9.124054908752441,15.072480201721191,2.7173547744750977,10.558927536010742,0.9015566110610962,4.699771881103516,-0.7875359058380127,7.02591609954834,0.3616865277290344,1.6659891605377197,-2.26212215423584,2.3443644046783447,-4.227383136749268,-0.7270749807357788,-2.368007183074951,-1.1230233907699585,Drama
How I Met Your Mother.mp3,0.375260591506958,0.029844770208001137,2038.1785059345714,2497.2184056240117,4798.509797736339,0.07644293248307543,-243.46878051757812,103.26223754882812,11.071873664855957,19.300865173339844,1.0866183042526245,21.10309600830078,1.8245174884796143,11.670896530151367,-0.1679181009531021,8.14248275756836,5.620082855224609,7.625568389892578,-2.686636209487915,2.585573196411133,-5.231930732727051,2.112612247467041,-4.6425065994262695,3.0722484588623047,-5.406289577484131,-3.3966355323791504,Comedia
Invasion.mp3,0.29677441716194153,0.02405547723174095,1349.9526664157918,1640.3161027461135,2760.3583084909537,0.06289531129063468,-353.91412353515625,125.89928436279297,-16.93389129638672,47.28166961669922,15.084046363830566,8.770888328552246,8.69078540802002,8.662651062011719,-0.11911965161561966,0.24350495636463165,-7.5595703125,13.1354398727417,2.1277525424957275,3.7490460872650146,9.803961753845215,11.04323959350586,-0.14969675242900848,8.909513473510742,-9.784173965454102,-5.131856918334961,Ficcao cientifica
Jack Ryan.mp3,0.44705861806869507,0.08863488584756851,721.7516111544674,1223.1422934380014,1293.2838463561823,0.022490037853134675,-299.0602722167969,162.7462921142578,17.271743774414062,37.47267150878906,9.010862350463867,14.934903144836426,5.465534687042236,9.637011528015137,2.867556571960449,4.041595935821533,4.974740028381348,4.238306999206543,6.754832744598389,7.350833892822266,2.689613103866577,3.4683547019958496,1.876786470413208,3.8631842136383057,0.9080185294151306,1.2280651330947876,Acao
Jessica Jones.mp3,0.3516140878200531,0.04708969593048096,572.3763879858776,991.6289711408373,973.8607778637771,0.02301762347619969,-378.8455505371094,177.0803985595703,19.757444381713867,24.370540618896484,22.256084442138672,14.820457458496094,4.698126316070557,6.58949613571167,6.981533527374268,9.239221572875977,2.619215726852417,4.502828598022461,3.839878797531128,3.5725839138031006,0.22653840482234955,0.09353548288345337,-1.698895812034607,0.8395095467567444,3.5901060104370117,4.630909442901611,Acao
Julie e Os Fantasmas.mp3,0.42838531732559204,0.06114654242992401,2532.3186402022006,2562.018134627711,5332.042757866921,0.12081710768188854,-154.453857421875,76.82882690429688,-3.2149269580841064,39.12236404418945,8.346441268920898,11.196535110473633,3.0779669284820557,11.0586576461792,1.982965111732483,10.154061317443848,-2.2169601917266846,6.067955017089844,-3.546792507171631,2.6629977226257324,-2.584113359451294,2.014373540878296,-4.893427848815918,1.9942281246185303,-6.337955474853516,0.4627389907836914,Fantasia
La Casa de Papel.mp3,0.25552475452423096,0.17331139743328094,1682.2157029912485,2077.216179953945,3743.0190331426566,0.06648334703947369,-192.49871826171875,135.663330078125,14.024892807006836,18.824382781982422,24.326894760131836,-13.419818878173828,6.991268157958984,-7.511655330657959,-2.5434694290161133,16.616077423095703,-19.195449829101562,-1.3564454317092896,-9.791237831115723,-13.364631652832031,-19.73611068725586,-8.069315910339355,-16.40328025817871,-10.635224342346191,-6.12888240814209,-6.254482746124268,Acao
Law & Order SVU.mp3,0.3325759470462799,0.05639996379613876,1264.787532682554,1480.287245170377,2377.2189586155187,0.06784048169020898,-222.17630004882812,159.37803649902344,-26.31256675720215,24.815284729003906,8.5563325881958,12.298605918884277,-2.7493975162506104,-2.147071123123169,-3.1318576335906982,2.0621349811553955,-1.5611745119094849,1.9219292402267456,-1.2425546646118164,-3.0788204669952393,-2.686368227005005,-1.048013687133789,-2.907271146774292,-1.4005646705627441,-3.2582013607025146,1.5145812034606934,Policial
Law & Order.mp3,0.3770494759082794,0.11015605926513672,1290.2879756819566,1727.5326551979201,2555.184549148607,0.06296484979682662,-215.36524963378906,144.11976623535156,18.39441680908203,29.104948043823242,8.492415428161621,14.318703651428223,4.555798053741455,4.104045867919922,-2.6141507625579834,2.891012191772461,-6.25072717666626,-2.09692120552063,-8.032108306884766,1.6327427625656128,0.6264574527740479,6.6477179527282715,-8.000581741333008,4.395647048950195,-4.8703837394714355,2.5999433994293213,Policial
Legends of Tomorrow.mp3,0.35967180132865906,0.09943321347236633,1057.1060267233931,1398.9752896764257,2012.2711654048956,0.049325098563273995,-187.8595428466797,170.4600372314453,-17.47224235534668,27.18617057800293,-5.157087326049805,6.385271072387695,6.538081169128418,10.931200981140137,-3.816291332244873,5.977441787719727,-0.4576321542263031,5.950702667236328,3.3813936710357666,3.710885763168335,4.083014965057373,3.760215997695923,1.475501537322998,5.007172107696533,1.3405723571777344,6.576293468475342,Acao
Lost.mp3,0.4807685613632202,0.13909010589122772,997.063095738176,1042.6483901556576,1791.1663703198703,0.07211130969929246,-285.6924743652344,190.3016357421875,20.540674209594727,8.818429946899414,17.14963722229004,9.575394630432129,1.0280488729476929,7.561891078948975,4.201523303985596,-4.334600925445557,0.1755366325378418,2.259230852127075,3.22491455078125,8.286005020141602,8.957451820373535,12.187607765197754,6.063055038452148,-8.105863571166992,-11.336539268493652,7.038763046264648,Fantasia
Luke Cage.mp3,0.41435670852661133,0.06283409148454666,1309.022919784144,1724.6054510510376,2691.5420579467395,0.05755407374709752,-250.24046325683594,132.96890258789062,-10.435957908630371,20.15865707397461,2.183424949645996,21.957212448120117,8.76074504852295,13.590453147888184,6.357336521148682,16.475765228271484,5.462208271026611,7.820666313171387,0.29199567437171936,5.629241943359375,-0.555648148059845,0.3181077837944031,-6.421043395996094,1.4023927450180054,-0.9751238226890564,1.011142373085022,Acao
Lupin.mp3,0.4837988018989563,0.08583048731088638,650.1315846612113,1065.5120092903824,1319.5270435230152,0.018023516680743243,-326.93670654296875,116.85137939453125,3.5039730072021484,18.088464736938477,12.78406810760498,16.064245223999023,7.687700271606445,12.380529403686523,6.678829669952393,10.668204307556152,3.339728593826294,2.8717308044433594,1.9200721979141235,9.29616928100586,5.3007588386535645,4.858607292175293,0.9724943041801453,3.5034310817718506,1.6138652563095093,3.138941526412964,Acao
MacGyver.mp3,0.33120691776275635,0.06751996278762817,2140.553736012269,2220.7472997034756,4411.198326087219,0.10396006675696594,-137.750244140625,98.96891021728516,-19.408105850219727,26.58053207397461,-5.307722091674805,6.79413366317749,-7.901503086090088,-0.1325104683637619,-7.310454845428467,-0.3720114529132843,-8.883102416992188,-2.291909694671631,-9.197500228881836,3.6241307258605957,-4.264084339141846,2.2520017623901367,-8.478593826293945,0.4538959264755249,-11.044790267944336,1.430960774421692,Acao
Magnum PI.mp3,0.4363344609737396,0.020804885774850845,2214.8523363659087,2510.769969812122,5017.260577227618,0.08592595280827703,-279.5156555175781,92.5637435913086,14.146221160888672,35.247413635253906,-2.1803226470947266,16.7349910736084,1.4969545602798462,6.5722575187683105,0.8029239177703857,8.32417106628418,-0.1627926230430603,6.012475967407227,-0.39498886466026306,5.484020709991455,-1.327670693397522,1.9069639444351196,-4.727251052856445,2.8603355884552,-2.9259631633758545,1.8268647193908691,Policial
Mandalorian.mp3,0.5052836537361145,0.15676504373550415,552.5595085167894,977.6072361277295,1008.1939035893963,0.02013253132256192,-247.22262573242188,191.2458953857422,13.367352485656738,25.662078857421875,25.966434478759766,17.795303344726562,5.626847267150879,8.008604049682617,4.218911647796631,2.5002591609954834,-0.06170476973056793,5.768386363983154,4.274074554443359,1.7487812042236328,-1.6671866178512573,2.536381244659424,1.5937460660934448,0.034044671803712845,-3.7444307804107666,0.9204022288322449,Ficcao cientifica
Manifest.mp3,0.43619686365127563,0.09287410229444504,486.5599477531393,695.1272883365335,923.086084891399,0.026941258102747678,-296.77197265625,191.63319396972656,23.598220825195312,10.088837623596191,20.7728328704834,16.469024658203125,14.26024055480957,6.532723903656006,1.7735347747802734,1.6431994438171387,6.509742736816406,5.303464889526367,1.4429315328598022,2.1107699871063232,-0.3943649232387543,-0.5198690891265869,-1.6916084289550781,-1.8876333236694336,2.629856824874878,3.3012735843658447,Ficcao cientifica
Marianne.mp3,0.211286261677742,0.055050913244485855,899.1933093922303,862.7918440644934,1384.699960242115,0.06696520353618421,-334.4440612792969,186.1925048828125,-0.7711238265037537,-6.666460990905762,-9.945738792419434,-16.91473388671875,-5.739380359649658,-0.6793731451034546,9.965526580810547,17.015119552612305,7.55409049987793,-5.433286666870117,-15.867597579956055,-12.073465347290039,-5.3783111572265625,2.2220747470855713,4.534617900848389,-2.91339111328125,-3.6874070167541504,1.7741107940673828,Terror
Modern Family.mp3,0.47733888030052185,0.07371799647808075,2697.7401169338186,2560.9446981243377,5683.903412554543,0.12665634625256675,-133.1367645263672,74.53115844726562,-9.707929611206055,17.328044891357422,2.4351649284362793,11.852937698364258,-2.8426811695098877,9.052038192749023,-1.8729348182678223,10.095870018005371,-0.25409698486328125,6.257469654083252,-2.7673044204711914,1.9434428215026855,-2.2534799575805664,-0.31623685359954834,-3.6186413764953613,1.7258151769638062,-3.980323076248169,0.44645047187805176,Comedia
Mom.mp3,0.3292817771434784,0.08940158039331436,1469.1178768746825,1615.77955205378,2819.3257980169665,0.0779726245287123,-157.99752807617188,140.33724975585938,-29.90606117248535,23.9197998046875,-8.809221267700195,3.0724751949310303,-8.10008430480957,0.2467433214187622,-6.1523027420043945,-0.0034346790052950382,-7.4601898193359375,-2.0640547275543213,-6.0681657791137695,-3.2233619689941406,-6.882088661193848,-0.6677582263946533,-5.8772406578063965,0.20740468800067902,-3.221473217010498,-3.3718619346618652,Comedia
Mr Robot.mp3,0.2812323570251465,0.02557007409632206,639.8941565110517,840.7240940991462,1170.8617322198277,0.030941316451149427,-426.13934326171875,202.1432342529297,16.098390579223633,44.86744689941406,4.103146553039551,-7.03637170791626,1.743919014930725,-6.871445655822754,10.6812162399292,-3.312167167663574,-2.871281385421753,-0.9362839460372925,-9.25752067565918,7.11520528793335,2.3812286853790283,0.5008284449577332,1.253745436668396,-8.93204402923584,-4.704127788543701,-7.90342903137207,Policial
NCIS.mp3,0.4251628816127777,0.1611422300338745,1733.1190351207226,2140.6686594366365,3895.8764421681503,0.06007446666989164,-95.00436401367188,120.9852066040039,-9.103569984436035,30.694320678710938,5.068316459655762,14.069046974182129,-1.690613031387329,8.077420234680176,-1.6585900783538818,6.415859699249268,-2.3389952182769775,6.547458648681641,-1.459051251411438,6.876809597015381,0.4347221553325653,5.7315216064453125,0.9989069700241089,4.130119323730469,-4.223402500152588,5.42197847366333,Policial
New Girl.mp3,0.3350149989128113,0.09690319746732712,2069.8289852587163,2241.8243710976853,4199.938249956837,0.09556014761740332,-158.797607421875,104.07339477539062,-12.019004821777344,16.615550994873047,6.562946319580078,3.5787601470947266,-3.6193478107452393,5.061468601226807,-5.39349889755249,2.539716958999634,-6.622921466827393,-1.3916596174240112,-7.40036678314209,-1.8391377925872803,-4.9445271492004395,1.482903003692627,-3.276374578475952,1.167447805404663,-1.2777855396270752,2.657930612564087,Comedia
Once Upon A Time.mp3,0.5456784963607788,0.11904335021972656,1018.4425666415926,1397.591017211024,1983.4688481596327,0.04261889900128866,-195.90008544921875,163.4202880859375,-9.009502410888672,27.620267868041992,-3.7438323497772217,19.177093505859375,3.5299487113952637,6.25973653793335,-0.10945286601781845,12.72781753540039,2.5741896629333496,8.6580228805542,-3.2584776878356934,6.146907329559326,-1.8191113471984863,3.466155767440796,-1.4142801761627197,1.5919129848480225,-1.016717791557312,0.7828648090362549,Fantasia
Only Murders in the Building.mp3,0.2912827730178833,0.04771788418292999,1570.8552928849722,1962.682309375588,3258.546962678986,0.07013865373452012,-223.6434783935547,133.25637817382812,-4.236523151397705,20.08623695373535,-1.2777693271636963,10.669397354125977,-0.639836311340332,8.02872085571289,-6.820823669433594,9.04626750946045,-9.7440185546875,8.063252449035645,-7.613169193267822,0.06229088827967644,0.7047971487045288,2.292757272720337,-4.9248785972595215,0.6222934722900391,-1.0702975988388062,3.451063871383667,Comedia
Os Feiticeiros de Waverly Place.mp3,0.36324232816696167,0.086178258061409,2216.790711297475,2411.747140245506,4771.74614590388,0.09055576383513932,-189.81846618652344,97.48059844970703,7.397777080535889,22.624679565429688,7.111968994140625,-0.509732186794281,3.4415507316589355,4.063832759857178,-1.0056174993515015,4.2137250900268555,-6.413859844207764,1.2236061096191406,-4.075276851654053,3.1456151008605957,-4.310915470123291,1.4284169673919678,-1.610738754272461,5.884861946105957,-0.8165321946144104,4.447372913360596,Fantasia
Os Irregulares de Baker Street.mp3,0.4382539689540863,0.194971963763237,1346.6189716879117,1738.9224227018299,2982.5319650372485,0.04655489611551858,-107.03800201416016,146.50057983398438,6.0474042892456055,26.23224639892578,7.47181510925293,12.655023574829102,3.137624979019165,7.997927665710449,2.3620357513427734,6.757115840911865,0.9367485046386719,6.016114711761475,-0.9413151741027832,3.365165948867798,-0.09019862115383148,4.837843418121338,-0.5322860479354858,3.480492115020752,-0.3611901104450226,2.5894110202789307,Fantasia
Os Simpsons.mp3,0.2634216547012329,0.012486841529607773,2208.9878538638386,1865.596632266454,4365.940266423181,0.13294741981907895,-428.5494384765625,49.26155471801758,6.383077144622803,15.843432426452637,-15.232951164245605,6.203060150146484,-6.475366115570068,-0.9798672795295715,-14.199657440185547,-1.7766727209091187,-6.537647724151611,1.1920275688171387,-6.41294002532959,-1.1603667736053467,-11.032699584960938,-3.2125205993652344,-6.115872859954834,-0.7886238098144531,-3.5210013389587402,2.279423475265503,Comedia
Outra Vida.mp3,0.49707359075546265,0.1979435235261917,1017.4556795704466,1616.1224708860598,2106.481356883612,0.03346360574557087,-181.10768127441406,133.5687255859375,12.354753494262695,38.394779205322266,11.858536720275879,10.54915714263916,3.483914852142334,10.17463207244873,4.575246334075928,8.173772811889648,1.0680077075958252,7.079918384552002,4.57149600982666,6.859304904937744,3.5622596740722656,7.4350152015686035,4.804557800292969,6.242302894592285,4.400165557861328,1.3250590562820435,Ficcao cientifica
Ozark.mp3,0.5404255390167236,0.058103982359170914,656.096166131001,1071.419284567198,1326.4836456015382,0.01907811592976006,-360.8999938964844,134.14691162109375,29.468185424804688,19.991226196289062,19.49089813232422,14.280072212219238,8.578413963317871,8.788164138793945,4.853368282318115,5.1997151374816895,4.130603313446045,2.764134407043457,2.0382204055786133,2.355212450027466,1.752861499786377,1.3073753118515015,0.9278517961502075,1.8803080320358276,0.9205595254898071,0.9617185592651367,Drama
Parks & Recreation.mp3,0.33949050307273865,0.19017794728279114,1936.1103039904008,2271.8689062585745,4263.415886374081,0.07323047177341331,-61.42533874511719,107.33415985107422,-5.652966022491455,27.234725952148438,-2.0676968097686768,12.631255149841309,-5.453114032745361,4.381483554840088,-6.095576286315918,0.20422957837581635,-8.995893478393555,-0.09743405133485794,-9.1366605758667,-1.7811951637268066,-8.066452980041504,-0.5506529211997986,-6.505157947540283,-2.1885061264038086,-8.80125617980957,-1.5327688455581665,Comedia
Peaky Blinders.mp3,0.5032197833061218,0.08067595213651657,2901.6238009782874,2737.592350053974,6085.5298683001165,0.15407692168150156,-240.03564453125,57.626991271972656,6.248776912689209,22.288938522338867,5.640252590179443,14.045355796813965,3.176166296005249,7.059535503387451,-3.9352612495422363,5.972527980804443,0.2109314501285553,6.886476993560791,0.7181710004806519,5.196478843688965,-2.3265674114227295,2.1965460777282715,-1.0913957357406616,3.797694444656372,-2.3375256061553955,4.044729709625244,Drama
Perdidos no Espaco.mp3,0.3309467136859894,0.11115305125713348,1297.5163692060087,1540.9960097569349,2507.968167992937,0.07348821775832043,-171.07643127441406,152.0288543701172,-21.760242462158203,26.485185623168945,6.56109094619751,10.14030647277832,2.024604320526123,7.361748218536377,-4.72553825378418,6.244295120239258,-1.5862122774124146,4.057701110839844,1.3519494533538818,2.4594318866729736,-3.2086386680603027,3.4633119106292725,-0.6081414222717285,5.3789544105529785,-1.404044270515442,2.145726203918457,Ficcao cientifica
Power Book IV Force.mp3,0.41889554262161255,0.04749441146850586,1703.52731562087,2091.181176545338,3501.237161831221,0.0684360941128096,-260.27630615234375,114.35028076171875,3.321338176727295,27.8456974029541,5.04995059967041,7.979227542877197,-4.034711837768555,3.8684158325195312,-0.883389413356781,11.875286102294922,-0.15481841564178467,2.6678647994995117,-4.359111785888672,3.485060453414917,-0.6675283908843994,4.250790596008301,-0.4853706955909729,4.910053253173828,-3.688326835632324,4.985268592834473,Policial
Punho de Ferro.mp3,0.42831113934516907,0.050061676651239395,788.6916451808235,1194.7185199320982,1570.0155063310274,0.030121133054373066,-283.9627380371094,183.27711486816406,-9.568675994873047,26.604942321777344,14.82118034362793,16.190439224243164,1.7736287117004395,10.82064151763916,2.9993181228637695,4.449662208557129,6.064377307891846,1.0847089290618896,-2.1043765544891357,-0.3153308629989624,-2.8547589778900146,2.827425003051758,2.4759461879730225,2.2230513095855713,-0.1764654815196991,0.2980373501777649,Acao
Punisher.mp3,0.37687116861343384,0.029025187715888023,1675.320796876613,1769.5704644386326,3369.1546271829043,0.09128629607681889,-275.26116943359375,110.43173217773438,-33.060203552246094,42.568603515625,-0.7321860194206238,12.164915084838867,4.431907653808594,10.561625480651855,0.48196837306022644,-3.230435609817505,-3.154475688934326,0.3761560320854187,-5.554563522338867,3.3225393295288086,-4.942112445831299,2.76755690574646,-2.2384283542633057,3.6078104972839355,-2.720028877258301,4.492483139038086,Acao
Reality Z.mp3,0.31288644671440125,0.016075799241662025,1163.035269604939,1732.6639747236331,2119.353851223878,0.04276655923471362,-408.5437316894531,146.70611572265625,24.2130069732666,25.432964324951172,4.155820369720459,5.111309051513672,-11.536286354064941,3.3261795043945312,-5.407081604003906,13.610557556152344,-3.7183637619018555,1.5494903326034546,-3.4991695880889893,1.1394931077957153,-2.3777780532836914,-2.079403877258301,-6.518147945404053,3.2329845428466797,-2.7464704513549805,2.2837412357330322,Terror
Rick & Morty.mp3,0.2736443281173706,0.06539452821016312,1950.029797192474,2170.9897544718574,4150.216570874855,0.08428444877128483,-172.03262329101562,105.2540512084961,-8.621784210205078,29.526931762695312,-0.8731923699378967,11.840140342712402,-5.207372665405273,-0.06934966146945953,-5.543431282043457,4.106558799743652,-6.752870559692383,2.5007436275482178,-2.4069082736968994,2.008323907852173,-5.342891216278076,0.7753693461418152,-7.681431293487549,-0.8338821530342102,-3.7176079750061035,5.272130489349365,Ficcao cientifica
Salem.mp3,0.4516429603099823,0.1107729896903038,1955.0346027056992,2126.476002737239,4126.600047014077,0.08544846289667182,-101.37503051757812,109.74954986572266,-20.22590446472168,27.332609176635742,-3.838114023208618,19.732271194458008,0.8315047025680542,14.03819751739502,0.5986337661743164,10.319816589355469,-0.13523250818252563,8.70124340057373,0.49232378602027893,10.024879455566406,0.7991906404495239,5.538086891174316,-1.1784552335739136,1.1589763164520264,-5.6405863761901855,-1.1634739637374878,Terror
Saturday Night Live.mp3,0.4399939477443695,0.05686541274189949,2737.012029765312,2628.604320822757,5796.998279677825,0.13055552196207432,-160.0765380859375,73.85482025146484,-8.803909301757812,19.579513549804688,4.711368560791016,5.394148826599121,-1.8311896324157715,6.902405738830566,1.8837965726852417,8.081768035888672,-1.7401572465896606,8.13612174987793,-4.277015686035156,0.03746582940220833,-1.835418462753296,1.1099439859390259,-4.1263747215271,4.348817348480225,-3.964916229248047,1.6909905672073364,Comedia
Saving Hope.mp3,0.35067427158355713,0.27596205472946167,2122.8678354206445,2292.196296932706,4309.965604894302,0.10812708615518576,-3.8695693016052246,107.63365936279297,-17.837194442749023,18.754770278930664,0.2107062041759491,6.239797592163086,6.121074199676514,3.339874267578125,3.4374139308929443,8.628992080688477,-7.104669094085693,10.927233695983887,-6.8647308349609375,6.613775730133057,-2.414844036102295,1.6021702289581299,-3.1614179611206055,7.14531946182251,-8.2260160446167,9.118267059326172,Fantasia
Scorpion.mp3,0.48571619391441345,0.06496142596006393,1706.0393008485778,2135.0668088206403,3708.944239188274,0.06458577725909442,-207.29464721679688,120.4559555053711,13.358540534973145,27.876148223876953,13.437451362609863,12.4014253616333,1.7304339408874512,6.419488906860352,0.5016711950302124,5.059990406036377,-5.599891662597656,6.688426494598389,-2.9122018814086914,3.2229554653167725,-5.144373893737793,2.058351516723633,-6.222134590148926,1.843087911605835,-3.0817322731018066,1.5812162160873413,Policial
SEAL Team.mp3,0.5656660795211792,0.01335403136909008,1128.6691986498404,1585.816197308488,2293.311113326566,0.04388640153712297,-423.4549865722656,139.82736206054688,-18.084505081176758,31.81699562072754,19.84400177001953,7.865080833435059,4.53223991394043,10.676118850708008,10.921207427978516,9.429597854614258,4.876944065093994,16.402671813964844,7.836697578430176,2.0340232849121094,1.6749205589294434,4.976162433624268,-0.29549843072891235,6.154390811920166,-2.0388758182525635,-2.985529899597168,Acao
Seinfeld.mp3,0.39346224069595337,0.12662090361118317,2942.9441306155686,2585.493230711485,6133.521244769495,0.16453566418343654,-123.5805435180664,59.93409729003906,1.0612460374832153,16.628110885620117,15.061388969421387,0.08170212060213089,-7.474030494689941,1.292625069618225,-2.4983274936676025,3.4122064113616943,-3.950017213821411,-0.6249493360519409,-6.397228240966797,1.6701421737670898,-6.780829906463623,-2.293964147567749,-5.011032581329346,-0.4042794406414032,-5.659153938293457,1.4491945505142212,Comedia
Servant.mp3,0.1916378140449524,0.009309964254498482,2091.423299731467,1479.7006310058355,3187.122394573578,0.1519321878628096,-513.3455200195312,79.63983917236328,-42.17806625366211,-7.511292457580566,-3.0899646282196045,1.1986212730407715,-2.9312520027160645,-6.5442423820495605,-9.6998291015625,-9.319666862487793,-1.9848774671554565,-11.078319549560547,-13.214919090270996,-15.891843795776367,-19.453760147094727,-2.2212064266204834,-6.665661811828613,-6.671005725860596,-3.4676434993743896,-0.3667744994163513,Terror
Shameless.mp3,0.4519309401512146,0.07326973229646683,2559.1583409701107,2513.7889305411522,5384.984104404509,0.12365949412248452,-129.7410430908203,78.06062316894531,-3.298405647277832,36.73762130737305,-3.8418595790863037,13.399648666381836,-3.0737051963806152,10.069988250732422,4.9744415283203125,15.458352088928223,0.0577927827835083,13.00926685333252,-1.111206293106079,9.387075424194336,1.644179344177246,5.552927017211914,-2.6650888919830322,4.881683349609375,-2.406961441040039,1.5177569389343262,Comedia
Sherlock.mp3,0.39617499709129333,0.13057102262973785,2092.46194634532,2331.0597686007172,4485.122879075561,0.09476662272639319,-80.16989135742188,99.62696838378906,-6.70477294921875,37.92868423461914,4.869860649108887,9.336490631103516,-6.123465061187744,5.345688819885254,-2.6185553073883057,4.754011154174805,-3.6478097438812256,2.843942642211914,-4.6937103271484375,2.8650994300842285,-9.016249656677246,-0.1493014395236969,-5.6447014808654785,-0.3034346401691437,-4.950001239776611,0.8793178796768188,Policial
Skins.mp3,0.372204065322876,0.1904214322566986,2186.61750366785,2342.8319935856553,4727.379747514754,0.10815769821497678,-121.74263763427734,96.0820541381836,7.835901260375977,14.893926620483398,-4.719618320465088,12.041851043701172,-4.288726329803467,4.812735557556152,-3.920734405517578,1.8865498304367065,-2.9643871784210205,0.7638746500015259,-3.4742443561553955,0.20338916778564453,-9.985661506652832,-6.6954145431518555,-9.68645191192627,-3.1867780685424805,-5.059207439422607,0.9697522521018982,Drama
Smallville.mp3,0.3875318765640259,0.05168222635984421,2814.6478927925896,2541.8435580407054,5718.557087334317,0.14727159624129257,-142.6859588623047,65.11127471923828,-19.61752700805664,27.83795738220215,6.437968730926514,14.493115425109863,3.7086212635040283,12.794878005981445,-0.17723645269870758,9.044829368591309,-3.096308469772339,2.6573383808135986,-1.8199347257614136,2.3748960494995117,-0.9975372552871704,4.34389591217041,-0.6524413824081421,3.3183231353759766,-2.7730281352996826,-2.449171781539917,Acao
South Park.mp3,0.4705091714859009,0.028978737071156502,2402.8334331617075,2118.9985615782234,4699.9132469342585,0.12841154399671054,-294.7908630371094,52.3958740234375,-14.885255813598633,25.120962142944336,3.040421962738037,4.171294689178467,0.8492724299430847,10.203794479370117,-3.5532987117767334,4.2698259353637695,0.5464634299278259,2.9859373569488525,-3.63985013961792,1.4621913433074951,-1.6550127267837524,4.5468339920043945,-1.8862042427062988,3.725362539291382,-0.6692112684249878,1.5020028352737427,Comedia
Star Trek Picard.mp3,0.23630085587501526,0.005610241554677486,1641.9444254535379,1817.910621495785,3025.031708047117,0.10123370380224458,-478.03802490234375,115.99823760986328,-15.020709037780762,15.933100700378418,-3.2420523166656494,2.61257004737854,-9.825286865234375,-4.398717403411865,-2.3020734786987305,17.539011001586914,1.2925957441329956,5.032135963439941,1.6157042980194092,5.411685943603516,-0.733555018901825,0.7445447444915771,-7.002758979797363,3.3441195487976074,8.090518951416016,1.3482316732406616,Ficcao cientifica
Star Trek.mp3,0.24877029657363892,0.16651983559131622,1486.2622749325415,1337.125388213519,2612.259204025977,0.09338756832914087,-169.04232788085938,138.48342895507812,-50.52600860595703,18.90589714050293,-15.6666259765625,-2.876803159713745,-5.62603235244751,-15.28072738647461,-11.775531768798828,-0.20464804768562317,-2.5708065032958984,-4.342447757720947,3.891986608505249,3.006563186645508,4.443120956420898,4.891214370727539,2.3837051391601562,1.759495735168457,-1.9900082349777222,-6.5430216789245605,Ficcao cientifica
Star Wars A Guerra dos Clones.mp3,0.41988494992256165,0.3041488230228424,1722.6147602935612,2037.1901109253713,3565.470106756724,0.08408150215267028,-10.366362571716309,119.60662841796875,-13.748963356018066,31.57433319091797,4.738979339599609,13.746949195861816,-1.2786985635757446,10.156840324401855,-3.307748794555664,7.254526138305664,1.8407347202301025,6.770171642303467,-3.444837808609009,5.058643817901611,-0.7633198499679565,4.3227925300598145,-1.8649985790252686,4.79517126083374,-6.736055374145508,2.019981622695923,Ficcao cientifica
Station 19.mp3,0.5097721815109253,0.27038145065307617,1744.6141607155562,2268.1865938063806,3946.684468272301,0.05481939640576625,-45.15644454956055,106.40702056884766,-0.04677673801779747,34.27827835083008,9.0498628616333,13.56174087524414,4.152089595794678,12.678030967712402,5.220263957977295,10.195838928222656,1.0850505828857422,5.715336799621582,-0.8886231184005737,3.5587713718414307,-0.7787041664123535,5.010284900665283,-1.653342366218567,3.9440951347351074,-3.209758758544922,1.003183126449585,Acao
Stranger Things.mp3,0.39201098680496216,0.10632431507110596,736.497898789351,1160.2336524324212,1470.1911099554954,0.025204307154605265,-264.63262939453125,171.7314910888672,24.39849090576172,28.97812843322754,16.276582717895508,15.674843788146973,8.86974811553955,5.3448967933654785,1.17670738697052,3.971013307571411,1.588727593421936,1.2772201299667358,-2.667144775390625,-2.911261558532715,-3.3339946269989014,-2.476040840148926,-4.627176284790039,-3.3150601387023926,-2.750096082687378,1.9744014739990234,Terror
Succession.mp3,0.4264203608036041,0.0953330546617508,1507.1847872796131,1789.6409249004412,3266.0969170254452,0.06357709099264706,-173.52037048339844,130.7747039794922,-23.186416625976562,59.70814895629883,1.2551887035369873,26.72623634338379,0.14829005300998688,16.774736404418945,1.901294231414795,6.169943332672119,1.156395673751831,6.80938720703125,0.54926598072052,3.2478504180908203,0.8213117122650146,3.668935537338257,-2.0389113426208496,3.91102933883667,2.6205813884735107,3.0227890014648438,Drama
Suits.mp3,0.3373008668422699,0.14474616944789886,1395.6218113617472,1777.6733772876264,2846.666119932759,0.0585654055001935,-133.11447143554688,143.17662048339844,-7.199686050415039,32.54983901977539,0.6256783604621887,18.935588836669922,2.9107205867767334,10.837508201599121,-2.3844757080078125,4.299142837524414,-3.677685260772705,-1.031524896621704,-2.0266921520233154,2.9775805473327637,-2.005133628845215,2.2278857231140137,-9.55116081237793,3.9551846981048584,-5.803840637207031,4.914957523345947,Drama
Superstore.mp3,0.48457643389701843,0.0802856832742691,2141.931801821463,2415.886510840316,5053.649787183078,0.058266693691037735,-210.16226196289062,71.53112030029297,8.35670280456543,25.505300521850586,2.578136444091797,24.69216537475586,4.322775363922119,7.6645588874816895,5.283899307250977,14.435818672180176,6.836765289306641,7.243499279022217,-4.240800380706787,2.5322422981262207,0.3961063623428345,2.3444106578826904,-2.9376187324523926,5.427606582641602,-2.085365056991577,5.329381942749023,Comedia
SWAT.mp3,0.40953537821769714,0.03697995841503143,2635.7007621145876,2511.765151764801,5468.466932928599,0.13526864538989938,-174.7984161376953,75.29438018798828,-17.201496124267578,24.684410095214844,1.14854896068573,16.131914138793945,1.1568177938461304,10.356882095336914,-0.5594366192817688,5.094165802001953,-3.771268606185913,5.779447078704834,-2.04469895362854,4.418242931365967,-0.7913920879364014,4.898361682891846,-2.0062105655670166,3.0629825592041016,-3.5144662857055664,1.213477611541748,Policial
Sweet Home.mp3,0.2319890856742859,0.0169119443744421,1467.2087783085992,1439.5001777124849,2508.9681619461107,0.09496352251838236,-373.4102783203125,120.44758605957031,-39.23223876953125,7.155589580535889,1.854119896888733,-6.441939830780029,-5.196665287017822,3.2430498600006104,-9.299124717712402,4.962382793426514,-3.9980075359344482,2.1293654441833496,-2.1661391258239746,-2.534282684326172,-7.581326007843018,-1.1274393796920776,-3.3853249549865723,1.8028790950775146,-8.396334648132324,-2.4488399028778076,Terror
Tales From The Darkside.mp3,0.22703276574611664,0.0683857724070549,1337.3704676401107,1320.0461277664938,2014.112820935323,0.08657392850232198,-312.9835205078125,132.00367736816406,-24.62209129333496,-3.258978843688965,-19.348209381103516,5.426836967468262,-0.5208607912063599,-5.396028518676758,-17.871417999267578,-4.054570198059082,-2.649733304977417,-1.7329967021942139,-7.862235069274902,-11.663865089416504,-10.544949531555176,-8.059317588806152,-2.6197521686553955,11.228638648986816,15.448412895202637,-4.487173080444336,Terror
Teen Wolf.mp3,0.5204635262489319,0.0527622252702713,2563.568883778636,2601.881651850665,5472.108577574739,0.11857940390383127,-135.9734649658203,80.71517181396484,-6.725812911987305,30.270570755004883,5.312414646148682,10.024723052978516,1.3858344554901123,9.3954496383667,2.639153242111206,7.513088226318359,-0.365438848733902,3.6729342937469482,-1.5642257928848267,1.2329659461975098,-2.0448648929595947,3.5693578720092773,-1.9933216571807861,2.45283842086792,-4.010434627532959,-0.028643108904361725,Fantasia
The 100.mp3,0.43014445900917053,0.0839977040886879,1499.75538698223,2086.428779287338,3273.4552058642125,0.05576837025928793,-168.80740356445312,129.0784454345703,6.163018703460693,24.555438995361328,0.8960463404655457,18.76573944091797,7.515592575073242,5.63519811630249,1.7035839557647705,13.532763481140137,0.7563003897666931,4.791869163513184,-4.770164489746094,5.633626937866211,-0.5300265550613403,3.0924816131591797,-0.7023043036460876,4.4000420570373535,0.8464925289154053,6.464621543884277,Ficcao cientifica
The Big Bang Theory.mp3,0.3836989998817444,0.19981728494167328,2170.617620740924,2238.3092056495357,4428.900610042524,0.10732040727188819,-62.44230270385742,95.84559631347656,-12.476442337036133,19.885147094726562,0.020358186215162277,4.726364612579346,-1.728847622871399,5.502597808837891,-5.030706405639648,6.726335048675537,-3.289045572280884,0.6070660948753357,-5.063531875610352,-0.8655300140380859,-5.1344451904296875,2.7703356742858887,-5.2980122566223145,-0.9032412767410278,-4.092724323272705,-3.3469302654266357,Comedia
The Crown.mp3,0.27524620294570923,0.03789619356393814,613.3876903696064,880.0658789000397,1026.2187945953463,0.030776079963235295,-410.646728515625,154.5675811767578,12.323622703552246,16.143356323242188,15.709624290466309,5.0301313400268555,1.0044251680374146,-2.6732592582702637,-9.794759750366211,-12.28334903717041,-9.496212005615234,-7.597858905792236,-7.51064920425415,-4.448485374450684,-0.2851142883300781,1.4365447759628296,4.1664814949035645,7.309242248535156,5.404133319854736,6.009008884429932,Drama
The Good Place.mp3,0.3123388886451721,0.11475937813520432,1041.4102118243002,1595.567595953798,2050.312602040199,0.04684476586687306,-222.08729553222656,148.68704223632812,7.618398189544678,30.922775268554688,18.495071411132812,15.30692195892334,6.378672122955322,1.421033501625061,-1.2227015495300293,7.5976080894470215,-4.549853324890137,-6.299846649169922,-7.207254409790039,-1.4712977409362793,-5.792502403259277,2.1626193523406982,0.8638500571250916,1.4519808292388916,-10.136738777160645,-6.463258743286133,Comedia
The Haunting of Hill House.mp3,0.3535216450691223,0.06519370526075363,981.3086919186729,1239.6720941728229,1814.755693087268,0.05469921572658669,-239.3594970703125,184.84425354003906,-26.115711212158203,18.266799926757812,10.308293342590332,-0.07669606059789658,0.5615968704223633,5.35490608215332,-6.665799617767334,-2.242840051651001,-8.35538101196289,-2.164395570755005,-4.754003047943115,1.9842771291732788,-5.3280720710754395,3.9617958068847656,-5.135082244873047,3.9072659015655518,-0.98919278383255,-0.2432439923286438,Terror
The Librarians.mp3,0.35391587018966675,0.07181564718484879,1733.6729594185601,2106.6456033444288,3730.129212665773,0.0735320700479684,-187.51502990722656,115.8066635131836,-4.808694839477539,15.441994667053223,-9.261153221130371,-1.4446974992752075,3.672813653945923,12.955639839172363,-0.19076931476593018,8.67040729522705,-0.42815861105918884,9.477204322814941,-2.180654764175415,2.49802565574646,-4.364899635314941,2.588585138320923,-4.812842845916748,1.6580215692520142,2.068601131439209,8.768207550048828,Fantasia
The Mentalist.mp3,0.3936499357223511,0.013645508326590061,2388.6370944732853,2351.4883935942244,5050.013134147547,0.11727815137130802,-393.6766357421875,91.62818145751953,7.08833122253418,14.135836601257324,1.5515683889389038,13.817792892456055,1.5994223356246948,6.827113628387451,1.429832100868225,9.97116470336914,6.974736213684082,10.571884155273438,-0.23355495929718018,-0.6838291883468628,-5.979295253753662,-2.680321455001831,-0.7935190796852112,5.3162031173706055,0.4161384105682373,-1.2769525051116943,Policial
The Morning Show.mp3,0.314584881067276,0.014945508912205696,980.4072554655439,1184.7728007210019,1918.246733957769,0.04052961130998452,-431.9798889160156,125.88640594482422,-19.421594619750977,20.027225494384766,3.7857272624969482,8.756961822509766,3.95375919342041,-0.47759613394737244,-8.33933162689209,-1.7102234363555908,0.7194622159004211,-4.143766403198242,-7.776138782501221,-1.204696774482727,-0.893463134765625,-1.6911792755126953,1.4313338994979858,6.633915424346924,-2.6652872562408447,-4.690495491027832,Drama
The Office.mp3,0.36370158195495605,0.049728404730558395,1489.3213581098391,1876.55321445773,3195.497343931405,0.07173879523026316,-254.1977996826172,125.7265396118164,-1.4497919082641602,31.745494842529297,7.951714515686035,9.488710403442383,-3.9132914543151855,7.1595001220703125,1.322068691253662,4.682756423950195,7.633317470550537,10.726934432983398,-1.7788161039352417,5.02230978012085,2.7410593032836914,2.3215479850769043,-4.737033843994141,-1.1113383769989014,-1.6080073118209839,1.5559178590774536,Comedia
The Purge.mp3,0.42995503544807434,0.0440124087035656,1143.9076091221114,1684.5258810898617,2425.5698374155404,0.03339381862331081,-326.1809387207031,111.91130828857422,6.745115756988525,21.34191131591797,3.4934089183807373,16.600435256958008,3.4000895023345947,15.85021686553955,1.1226274967193604,11.298515319824219,2.755005121231079,6.791149139404297,1.5653032064437866,5.116575241088867,0.7101878523826599,2.3204801082611084,0.4255543351173401,2.4514997005462646,2.9561305046081543,13.343932151794434,Terror
The Rookie.mp3,0.5616798400878906,0.05459893122315407,2761.3325730056454,2646.418527983707,5896.182528409091,0.1271084872159091,-193.33062744140625,70.26280975341797,-2.957494020462036,21.665597915649414,3.4564085006713867,18.360166549682617,4.750879287719727,6.0136237144470215,-2.6295416355133057,11.387707710266113,-3.2760469913482666,1.6210824251174927,-2.1107866764068604,3.1889681816101074,-1.3436118364334106,0.8659815192222595,-3.5346808433532715,3.8018240928649902,-2.1163597106933594,3.8475263118743896,Policial
The Vampire Diaries.mp3,0.3860477805137634,0.16352328658103943,2425.959616742284,2573.895331789832,5275.9264305280085,0.10038299088138544,-60.45346450805664,79.4886703491211,-2.477071523666382,36.755584716796875,20.522850036621094,9.497867584228516,-4.485620498657227,4.99696683883667,1.7383713722229004,8.610017776489258,4.3598313331604,7.4843339920043945,-3.8884897232055664,1.9655108451843262,-6.3757476806640625,0.35031506419181824,-7.600918292999268,-0.8429183959960938,-3.6373651027679443,0.39537832140922546,Fantasia
The Walking Dead.mp3,0.4204772412776947,0.09112028777599335,1441.576904789183,1570.4093142245797,2744.1917395813175,0.07585366074883901,-144.47901916503906,150.8595733642578,-42.89533615112305,33.58384704589844,-2.6680848598480225,7.339416027069092,-7.686789512634277,9.146910667419434,-2.922196865081787,1.1328709125518799,-3.0400872230529785,2.2061703205108643,-0.039901308715343475,0.05754878371953964,-2.045327663421631,2.965643882751465,0.5754660367965698,4.762718677520752,-1.1227011680603027,-0.9664371013641357,Terror
The Witcher.mp3,0.4120323956012726,0.06699053198099136,1889.4182212194366,2141.49373984641,4053.642154847136,0.08570091790828173,-156.29510498046875,113.95399475097656,-13.593517303466797,28.748065948486328,-9.805848121643066,13.877573013305664,2.5856688022613525,12.922310829162598,-0.47089052200317383,8.034208297729492,2.6430304050445557,4.779345989227295,-2.6540029048919678,4.370752334594727,2.002654552459717,4.609556674957275,0.7548834085464478,3.930788040161133,-0.8666835427284241,3.503814697265625,Fantasia
This Is Us.mp3,0.2902261018753052,0.07294220477342606,758.494109724471,1100.3202347206911,1520.8913814125722,0.028047947525289017,-314.214599609375,170.25192260742188,-12.06804084777832,40.88799285888672,20.512187957763672,8.664212226867676,7.932961463928223,5.814123153686523,1.1588834524154663,4.855860233306885,-4.206132888793945,-4.617631912231445,-5.79152774810791,-5.411156177520752,-4.726363182067871,0.5848046541213989,0.40376564860343933,-2.008132219314575,-4.492180824279785,-9.400642395019531,Drama
True Blood.mp3,0.3281472325325012,0.050843264907598495,1702.456374386849,1957.5789296731998,3610.7031665719333,0.06698145438273993,-228.87380981445312,120.36394500732422,-18.283599853515625,41.65401840209961,6.582137107849121,6.937248229980469,4.642271041870117,3.45408296585083,-11.168404579162598,2.4317550659179688,-9.913971900939941,-1.3178822994232178,-6.356770992279053,-6.294532775878906,-6.894556045532227,-7.774060249328613,-7.4841814041137695,0.7022849917411804,-6.31951904296875,-2.71219801902771,Fantasia
True Detective.mp3,0.42600691318511963,0.022166451439261436,1481.3908850393966,1950.8058657082888,3196.1890064156833,0.05702497641737616,-352.8841552734375,117.53504943847656,1.5758417844772339,41.27192687988281,7.825582504272461,17.009008407592773,3.2134978771209717,17.38803482055664,1.47841477394104,4.538534164428711,-4.2113142013549805,2.8812992572784424,0.4550568163394928,5.920064926147461,2.668677806854248,3.5406501293182373,-5.110729694366455,-4.8326544761657715,-3.6867637634277344,1.5213183164596558,Policial
Two And A Half Men.mp3,0.31543874740600586,0.1158306896686554,2088.7432210354405,2179.933431097386,4223.48457487096,0.10878064688061041,-223.3040313720703,93.20880889892578,4.81709623336792,39.90791320800781,7.709779262542725,9.434185028076172,-1.26325261592865,6.419300556182861,-4.297523498535156,1.0840871334075928,-5.34798002243042,1.0612518787384033,-6.032674312591553,3.7142555713653564,-1.997331142425537,0.3818637728691101,-1.188179850578308,0.4375014305114746,-1.7015143632888794,0.19357310235500336,Comedia
Westworld.mp3,0.3814987242221832,0.04592477157711983,670.0115791301976,1171.6019508012491,1220.4176203016157,0.027223191394156347,-337.0838928222656,183.70217895507812,11.748801231384277,22.370506286621094,17.252683639526367,15.952117919921875,6.366098880767822,8.374024391174316,2.9477596282958984,8.101704597473145,-1.493464469909668,8.077210426330566,-0.5621825456619263,3.549924850463867,-0.5219690203666687,1.028384804725647,-1.3856562376022339,1.2792834043502808,-1.0131754875183105,-3.569225549697876,Ficcao cientifica
What If.mp3,0.2892613410949707,0.057963062077760696,1280.765547751574,1688.2896084630604,2412.668744255515,0.05323059270994582,-241.24008178710938,133.6704559326172,-13.712823867797852,23.41592025756836,3.5815024375915527,-2.9795258045196533,-4.851278781890869,0.6175121665000916,-12.554744720458984,-0.9857856035232544,-4.780137538909912,1.5918158292770386,-9.289374351501465,-2.4916326999664307,-5.453886032104492,6.567538738250732,3.491619825363159,3.6515305042266846,-6.839829921722412,-0.5600049495697021,Ficcao cientifica
Yellowstone.mp3,0.4526841342449188,0.13549578189849854,851.0171155933981,1359.8202157921105,1656.7483152029315,0.030056129668150154,-206.62445068359375,168.30357360839844,-1.537324070930481,35.188995361328125,13.492140769958496,9.962590217590332,3.4957051277160645,11.551861763000488,1.712432622909546,10.01336669921875,0.7645185589790344,4.555301666259766,1.3870049715042114,2.420275926589966,1.7434649467468262,3.2918941974639893,1.694431185722351,5.313052654266357,1.7411072254180908,2.829578161239624,Drama
Young Sheldon.mp3,0.3743426501750946,0.041141822934150696,2345.5141059831712,2232.7851870521827,4661.4101420030665,0.12662933106763927,-219.08956909179688,78.51053619384766,-27.93054962158203,29.421688079833984,6.795325756072998,18.351652145385742,-2.714660406112671,9.871139526367188,-2.103290557861328,4.766914367675781,0.7828572392463684,4.878561496734619,0.23499992489814758,2.507949113845825,-2.7111990451812744,4.655244827270508,-5.368916034698486,-0.6064597368240356,-2.68110728263855,5.152521133422852,Comedia
Z Nation.mp3,0.3700934946537018,0.02112751640379429,1640.9941349356532,1789.2337888916263,3198.956092247596,0.08518930288461539,-300.00628662109375,131.20713806152344,-30.852224349975586,36.8462028503418,18.294384002685547,-0.8073523640632629,0.6955706477165222,8.807744979858398,-10.465705871582031,10.419472694396973,-1.8162755966186523,3.8181512355804443,2.2615156173706055,1.7879866361618042,-1.506695032119751,4.246248722076416,-2.878598690032959,4.859026908874512,11.567065238952637,3.435640335083008,Terror
